{
  "hash": "bf0ebf41",
  "configHash": "9c86768d",
  "lockfileHash": "0d9ce5e2",
  "browserHash": "fcba5080",
  "optimized": {
    "@angular/common": {
      "src": "../../../../../../node_modules/@angular/common/fesm2022/common.mjs",
      "file": "@angular_common.js",
      "fileHash": "ebe2e46d",
      "needsInterop": false
    },
    "@angular/common/http": {
      "src": "../../../../../../node_modules/@angular/common/fesm2022/http.mjs",
      "file": "@angular_common_http.js",
      "fileHash": "617132ed",
      "needsInterop": false
    },
    "@angular/core": {
      "src": "../../../../../../node_modules/@angular/core/fesm2022/core.mjs",
      "file": "@angular_core.js",
      "fileHash": "094cb820",
      "needsInterop": false
    },
    "@angular/forms": {
      "src": "../../../../../../node_modules/@angular/forms/fesm2022/forms.mjs",
      "file": "@angular_forms.js",
      "fileHash": "0326b877",
      "needsInterop": false
    },
    "@angular/platform-browser": {
      "src": "../../../../../../node_modules/@angular/platform-browser/fesm2022/platform-browser.mjs",
      "file": "@angular_platform-browser.js",
      "fileHash": "105f145b",
      "needsInterop": false
    },
    "@angular/router": {
      "src": "../../../../../../node_modules/@angular/router/fesm2022/router.mjs",
      "file": "@angular_router.js",
      "fileHash": "e5c4642c",
      "needsInterop": false
    },
    "rxjs": {
      "src": "../../../../../../node_modules/rxjs/dist/esm5/index.js",
      "file": "rxjs.js",
      "fileHash": "4e0085e4",
      "needsInterop": false
    },
    "zone.js": {
      "src": "../../../../../../node_modules/zone.js/fesm2015/zone.js",
      "file": "zone__js.js",
      "fileHash": "fac1676f",
      "needsInterop": true
    },
    "rxjs/operators": {
      "src": "../../../../../../node_modules/rxjs/dist/esm5/operators/index.js",
      "file": "rxjs_operators.js",
      "fileHash": "30d51863",
      "needsInterop": false
    }
  },
  "chunks": {
    "chunk-JD7QGSLZ": {
      "file": "chunk-JD7QGSLZ.js"
    },
    "chunk-IQ67THLA": {
      "file": "chunk-IQ67THLA.js"
    },
    "chunk-ZBFSZHG3": {
      "file": "chunk-ZBFSZHG3.js"
    },
    "chunk-OPGNYZHR": {
      "file": "chunk-OPGNYZHR.js"
    },
    "chunk-EDV6TBGI": {
      "file": "chunk-EDV6TBGI.js"
    },
    "chunk-N2Y53VC3": {
      "file": "chunk-N2Y53VC3.js"
    },
    "chunk-6WM4KJML": {
      "file": "chunk-6WM4KJML.js"
    },
    "chunk-3T6W7NID": {
      "file": "chunk-3T6W7NID.js"
    },
    "chunk-WDMUDEB6": {
      "file": "chunk-WDMUDEB6.js"
    }
  }
}